id,title,score,num_comments,author,created_utc,url,over_18,edited,spoiler,stickied
1k5b6kr,Apache Airflow 3.0 is here â€“ and itâ€™s a big one!,224,24,cmarteepants,2025-04-22 16:50:13,https://www.reddit.com/r/dataengineering/comments/1k5b6kr/apache_airflow_30_is_here_and_its_a_big_one/,False,False,False,False
1k5bc5m,Apache AirflowÂ® 3 is Generally Available!,59,5,kaxil_naik,2025-04-22 16:56:29,https://www.reddit.com/r/dataengineering/comments/1k5bc5m/apache_airflow_3_is_generally_available/,False,False,False,False
1k528k5,Introducing Lakehouse 2.0: What Changes?,35,22,growth_man,2025-04-22 09:37:52,https://moderndata101.substack.com/p/introducing-lakehouse-20-what-changes,False,False,False,False
1k52jic,Forgetting basic parts of the stack over time,20,17,SansBouillie,2025-04-22 09:59:39,https://www.reddit.com/r/dataengineering/comments/1k52jic/forgetting_basic_parts_of_the_stack_over_time/,False,False,False,False
1k5bnnv,Airflow 3.0 is OUT! Here is everything you need to know ðŸ¥³ðŸ¥³,16,0,marclamberti,2025-04-22 17:09:13,https://youtu.be/PMO5LPc112E?si=y-l2psvae2iRan5N,False,False,False,False
1k4uwcj,Raising a concern for resources working on Managed Services who dedicate their entire day to ETL support and ad-hoc tasks,10,5,Spirited-Worry4227,2025-04-22 01:54:32,https://www.reddit.com/r/dataengineering/comments/1k4uwcj/raising_a_concern_for_resources_working_on/,False,False,False,False
1k5jnat,What type of Portoflio projects do employers want to see?,8,1,Fondant_Decent,2025-04-22 22:34:41,https://www.reddit.com/r/dataengineering/comments/1k5jnat/what_type_of_portoflio_projects_do_employers_want/,False,False,False,False
1k55dgc,Is Studying Advanced Python Topics Necessary for a Data Engineer? (OOP and More),9,17,MazenMohamed1393,2025-04-22 12:44:33,https://www.reddit.com/r/dataengineering/comments/1k55dgc/is_studying_advanced_python_topics_necessary_for/,False,False,False,False
1k5ecm5,The only DE,8,7,ursamajorm82,2025-04-22 18:55:45,https://www.reddit.com/r/dataengineering/comments/1k5ecm5/the_only_de/,False,False,False,False
1k501if,Hands-on testing Snowflake Agent Gateway / Agent Orchestration,7,0,Recordly_MHeino,2025-04-22 06:56:06,https://i.redd.it/dlwbtzum3cwe1.png,False,False,False,False
1k4znxw,support of iceberg partitioning in an open source project,7,0,zriyansh,2025-04-22 06:30:30,https://www.reddit.com/r/dataengineering/comments/1k4znxw/support_of_iceberg_partitioning_in_an_open_source/,False,False,False,False
1k52vpa,Data structuring headache,6,18,cartridge_ducker,2025-04-22 10:22:39,https://www.reddit.com/gallery/1k52vpa,False,False,False,False
1k5flbh,Whats the best data store for period sensor data?,7,10,AINed,2025-04-22 19:45:25,https://www.reddit.com/r/dataengineering/comments/1k5flbh/whats_the_best_data_store_for_period_sensor_data/,False,False,False,False
1k57a40,Switching from a data science to data engineering: Good idea?,6,6,Lanky-Swimming-2695,2025-04-22 14:10:56,https://www.reddit.com/r/dataengineering/comments/1k57a40/switching_from_a_data_science_to_data_engineering/,False,False,False,False
1k5jnke,How transferable are the skills learnt on Azure to AWS?,5,8,Gloomy-Profession-19,2025-04-22 22:35:02,https://www.reddit.com/r/dataengineering/comments/1k5jnke/how_transferable_are_the_skills_learnt_on_azure/,False,False,False,False
1k523fc,Cheapest and non technical way of integrating Redshift and Hubspot,3,4,trex_6622,2025-04-22 09:27:35,https://www.reddit.com/r/dataengineering/comments/1k523fc/cheapest_and_non_technical_way_of_integrating/,False,False,False,False
1k50wit,"DP-203 Exam English Language is Retired, DP-700 is Recommended to Take",4,2,everythingwell,2025-04-22 07:59:11,https://www.reddit.com/r/dataengineering/comments/1k50wit/dp203_exam_english_language_is_retired_dp700_is/,False,False,False,False
1k4xmzt,Switching into SWE or MLE questions.,3,13,Little-Project-7380,2025-04-22 04:19:55,https://www.reddit.com/r/dataengineering/comments/1k4xmzt/switching_into_swe_or_mle_questions/,False,False,False,False
1k5c7sh,Are snowflake tasks the right choice for frequent dynamically changing SQL?,2,7,bvdevvv,2025-04-22 17:31:31,https://www.reddit.com/r/dataengineering/comments/1k5c7sh/are_snowflake_tasks_the_right_choice_for_frequent/,False,False,False,False
1k5biux,Apache Flink duplicated messages,2,2,This-Cricket-5542,2025-04-22 17:03:52,https://www.reddit.com/r/dataengineering/comments/1k5biux/apache_flink_duplicated_messages/,False,False,False,False
1k5l465,Cloudflare R2 Data Catalog Tutorial,2,0,Clohne,2025-04-22 23:43:26,https://youtube.com/watch?v=fWOESc1KC60&si=QzXytZD-ZOIUgUBk,False,False,False,False
1k5ghoy,Iceberg in practice,1,4,wcneill,2025-04-22 20:21:49,https://www.reddit.com/r/dataengineering/comments/1k5ghoy/iceberg_in_practice/,False,False,False,False
1k5fwvx,Idempotency and data historicization,1,4,ubiond,2025-04-22 19:58:37,https://www.reddit.com/r/dataengineering/comments/1k5fwvx/idempotency_and_data_historicization/,False,False,False,False
1k5e14a,Excel-based listings file into an ETL pipeline,1,3,onebraincellperson,2025-04-22 18:43:19,https://www.reddit.com/r/dataengineering/comments/1k5e14a/excelbased_listings_file_into_an_etl_pipeline/,False,False,False,False
1k5d84o,How to perform upserts in hive tables?,1,3,Happy-Zebra-519,2025-04-22 18:11:23,https://www.reddit.com/r/dataengineering/comments/1k5d84o/how_to_perform_upserts_in_hive_tables/,False,False,False,False
1k5bx42,Orca - Timeseries Processing with Superpowers,1,0,Solvicode,2025-04-22 17:19:42,https://www.predixus.com/orca,False,False,False,False
1k57eyb,Local Stack Deployment for AWS Native Data Stack,1,5,chanchan_delier,2025-04-22 14:16:45,https://www.reddit.com/r/dataengineering/comments/1k57eyb/local_stack_deployment_for_aws_native_data_stack/,False,False,False,False
1k5gken,Is there any point making a data flow diagram if you already made an ERD?,0,2,tiggat,2025-04-22 20:24:51,https://www.reddit.com/r/dataengineering/comments/1k5gken/is_there_any_point_making_a_data_flow_diagram_if/,False,False,False,False
1k54rd3,What's the best way to sync Dropbox and S3 without using a paid app?,0,4,PerfectRough5119,2025-04-22 12:12:36,https://www.reddit.com/r/dataengineering/comments/1k54rd3/whats_the_best_way_to_sync_dropbox_and_s3_without/,False,False,False,False
1k53yd4,10 Must-Have Features in a Data Scraper Tool (If You Actually Want to Scale),0,0,promptcloud,2025-04-22 11:29:31,https://www.reddit.com/r/dataengineering/comments/1k53yd4/10_musthave_features_in_a_data_scraper_tool_if/,False,False,False,False
1k5j1an,Stop Googling â€˜Best Python Librariesâ€™ â€” Hereâ€™s the Ultimate List,0,2,Ok_Pressure9758,2025-04-22 22:07:38,https://medium.com/@samsinghca064/top-python-libraries-by-use-case-your-ultimate-guide-to-pythons-power-tools-83b092069f24,False,False,False,False
1k5c4mb,"We cloned over 15,000 repos to find the best developers",0,1,Frequent_Pea_2551,2025-04-22 17:27:57,https://blog.getdaft.io/p/we-cloned-over-15000-repos-to-find,False,False,False,False
